{"epoch": 1, "batch": 198, "loss": 5.062664031982422, "_timestamp": 1667737993.3174794, "_runtime": 2380.4935023784637, "_step": 197, "_wandb": {"runtime": 2785}}