{"epoch": 25, "batch": 7, "mAP": 0.0, "_timestamp": 1678159058.2297645, "_runtime": 119.1767885684967, "_step": 174, "_wandb": {"runtime": 118}}