{"epoch": 1, "batch": 66, "loss": 2.9227724075317383, "_timestamp": 1667735090.2985253, "_runtime": 2302.969585418701, "_step": 65, "_wandb": {"runtime": 2708}}