{"epoch": 50, "batch": 1, "mAP": 0.3924242424242424, "_timestamp": 1678206464.4792573, "_runtime": 21.860121250152588, "_step": 49, "_wandb": {"runtime": 20}}