{"epoch": 25, "batch": 7, "mAP": 0.0, "_timestamp": 1678157770.7506678, "_runtime": 72.06744170188904, "_step": 174, "_wandb": {"runtime": 71}}