{"epoch": 1, "batch": 25, "loss": 55.56268310546875, "_timestamp": 1667704645.093107, "_runtime": 324.93893790245056, "_step": 24, "_wandb": {"runtime": 747}}