{"epoch": 77, "batch": 3, "mAP": 0.3048669467787115, "_timestamp": 1678305866.3349314, "_runtime": 188.86872935295105, "_step": 230, "_wandb": {"runtime": 188}}