{"epoch": 50, "batch": 1, "mAP": 0, "_timestamp": 1678143388.5494676, "_runtime": 151.98044157028198, "_step": 49, "_wandb": {"runtime": 152}}