{"epoch": 50, "batch": 1, "mAP": 0.3888888888888889, "_timestamp": 1678205978.9402864, "_runtime": 17.819989442825317, "_step": 49, "_wandb": {"runtime": 16}}