{"epoch": 25, "batch": 7, "mAP": 0.0, "_timestamp": 1678161680.6389084, "_runtime": 94.63660049438477, "_step": 174, "_wandb": {"runtime": 93}}