{"epoch": 50, "batch": 1, "mAP": 0.4857142857142857, "_timestamp": 1678205733.1417913, "_runtime": 18.981367349624634, "_step": 49, "_wandb": {"runtime": 18}}