{"epoch": 30, "batch": 7, "mAP": 0.0, "_timestamp": 1678155757.8628309, "_runtime": 106.80177092552185, "_step": 209, "_wandb": {"runtime": 106}}