{"epoch": 50, "batch": 1, "mAP": 0.40740740740740744, "_timestamp": 1678206721.9052804, "_runtime": 23.93246340751648, "_step": 49, "_wandb": {"runtime": 22}}