{"epoch": 33, "batch": 7, "mAP": 0.0, "_timestamp": 1678165710.0737534, "_runtime": 95.50809931755066, "_step": 230, "_wandb": {"runtime": 94}}