{"epoch": 25, "batch": 7, "mAP": 0.0, "_timestamp": 1678162108.3375058, "_runtime": 122.38008189201355, "_step": 174, "_wandb": {"runtime": 121}}