{"epoch": 39, "batch": 7, "mAP": 0.2959155557322555, "_timestamp": 1678210917.312592, "_runtime": 180.47644901275635, "_step": 272, "_wandb": {"runtime": 179}}