{"epoch": 68, "batch": 7, "mAP": 0.6162165814222373, "_timestamp": 1678213858.848455, "_runtime": 287.37049889564514, "_step": 475, "_wandb": {"runtime": 286}}