{"epoch": 1, "batch": 198, "loss": 3.972733974456787, "_timestamp": 1667746171.6941712, "_runtime": 2309.812523126602, "_step": 197, "_wandb": {"runtime": 2707}}