{"epoch": 25, "batch": 7, "mAP": 0, "_timestamp": 1678163322.9844291, "_runtime": 112.21826720237732, "_step": 174, "_wandb": {"runtime": 111}}