{"epoch": 1, "batch": 66, "loss": 2.9710540771484375, "_timestamp": 1667757571.9532788, "_runtime": 2298.825220823288, "_step": 65, "_wandb": {"runtime": 2698}}