{"epoch": 50, "batch": 1, "mAP": 0.5275000000000001, "_timestamp": 1678204833.517929, "_runtime": 21.239273071289062, "_step": 49, "_wandb": {"runtime": 20}}