{"epoch": 1, "batch": 198, "loss": 4.814449310302734, "_timestamp": 1667740523.4851336, "_runtime": 2336.852590560913, "_step": 197, "_wandb": {"runtime": 2741}}