{"epoch": 1, "batch": 99, "loss": 4.2632341384887695, "_timestamp": 1667743337.2335508, "_runtime": 2286.0448608398438, "_step": 98, "_wandb": {"runtime": 2687}}