{"epoch": 78, "batch": 3, "mAP": 0.27967205750224616, "_timestamp": 1678303673.0194776, "_runtime": 183.4152045249939, "_step": 233, "_wandb": {"runtime": 182}}