{"epoch": 1, "batch": 2, "loss": 6.250516970952352, "_timestamp": 1667778316.3601208, "_runtime": 42.89825987815857, "_step": 1, "_wandb": {"runtime": 47}}