{"epoch": 1, "batch": 18, "loss": 72.52032470703125, "_timestamp": 1667719963.2957053, "_runtime": 206.85766434669495, "_step": 17, "_wandb": {"runtime": 211}}