{"epoch": 1, "batch": 29, "loss": 0.9003731863839286, "_timestamp": 1667751905.1400747, "_runtime": 2285.0511286258698, "_step": 28, "_wandb": {"runtime": 2685}}