{"epoch": 1, "batch": 198, "loss": 3.9755592346191406, "_timestamp": 1667780390.1320155, "_runtime": 2287.0169875621796, "_step": 197, "_wandb": {"runtime": 2677}}