{"epoch": 50, "batch": 1, "mAP": 0.7037037037037037, "_timestamp": 1678204751.4807756, "_runtime": 21.146809577941895, "_step": 49, "_wandb": {"runtime": 20}}