{"epoch": 1, "batch": 13, "loss": 83.42613220214844, "_timestamp": 1667698581.876422, "_runtime": 412.75171995162964, "_step": 12}