{"epoch": 1, "batch": 198, "loss": 4.151241302490234, "_timestamp": 1667749303.5436628, "_runtime": 2290.1103298664093, "_step": 197, "_wandb": {"runtime": 2692}}