{"epoch": 25, "batch": 7, "mAP": 0.0, "_timestamp": 1678157387.8969662, "_runtime": 77.93934726715088, "_step": 174, "_wandb": {"runtime": 77}}