{"epoch": 50, "batch": 1, "mAP": 0.2623456790123457, "_timestamp": 1678206140.9342272, "_runtime": 16.921154260635376, "_step": 49, "_wandb": {"runtime": 16}}