{"epoch": 1, "batch": 66, "loss": 1.9638051986694336, "_timestamp": 1667732019.3663888, "_runtime": 2345.7442898750305, "_step": 65, "_wandb": {"runtime": 2750}}