{"epoch": 1, "batch": 5, "loss": 75.45400810241699, "_timestamp": 1667702167.0485082, "_runtime": 298.7954740524292, "_step": 4, "_wandb": {"runtime": 714}}