{"epoch": 50, "batch": 1, "mAP": 0.29166666666666663, "_timestamp": 1678205311.1230628, "_runtime": 19.520932912826538, "_step": 49, "_wandb": {"runtime": 18}}