{"epoch": 25, "batch": 7, "mAP": 0.0, "_timestamp": 1678156579.7963097, "_runtime": 78.09521770477295, "_step": 174, "_wandb": {"runtime": 77}}