{"epoch": 1, "batch": 15, "loss": 0.47365427017211914, "_timestamp": 1667766012.7949893, "_runtime": 2286.9665563106537, "_step": 14, "_wandb": {"runtime": 2686}}