{"epoch": 25, "batch": 7, "mAP": 0.0, "_timestamp": 1678165313.1067507, "_runtime": 86.03510284423828, "_step": 174, "_wandb": {"runtime": 84}}