{"epoch": 25, "batch": 7, "mAP": 0.0, "_timestamp": 1678164924.6351902, "_runtime": 91.21478033065796, "_step": 174, "_wandb": {"runtime": 90}}