{"epoch": 1, "batch": 198, "loss": 6.499281883239746, "_timestamp": 1667729151.9760997, "_runtime": 2306.7546787261963, "_step": 197, "_wandb": {"runtime": 2711}}