{"epoch": 1, "batch": 33, "loss": 1.3704858620961506, "_timestamp": 1667760391.638397, "_runtime": 2295.7129600048065, "_step": 32, "_wandb": {"runtime": 2695}}