{"epoch": 71, "batch": 7, "mAP": 0.5575778313272329, "_timestamp": 1678263569.581797, "_runtime": 295.7747528553009, "_step": 496, "_wandb": {"runtime": 295}}