{"epoch": 50, "batch": 1, "mAP": 0.3835978835978836, "_timestamp": 1678205649.681952, "_runtime": 22.065424919128418, "_step": 49, "_wandb": {"runtime": 20}}