{"epoch": 100, "batch": 7, "mAP": 0.7159289391086922, "_timestamp": 1678218287.4218147, "_runtime": 427.0393567085266, "_step": 699, "_wandb": {"runtime": 426}}