{"epoch": 39, "batch": 7, "mAP": 0.5052735863896173, "_timestamp": 1678210244.0614386, "_runtime": 182.56622862815857, "_step": 272, "_wandb": {"runtime": 181}}