{"epoch": 50, "batch": 1, "mAP": 0.20707070707070707, "_timestamp": 1678206379.7983792, "_runtime": 18.14751625061035, "_step": 49, "_wandb": {"runtime": 17}}