{"epoch": 1, "batch": 198, "loss": 6.025230407714844, "_timestamp": 1667734828.9325013, "_runtime": 2287.6632282733917, "_step": 197, "_wandb": {"runtime": 2690}}