{"epoch": 50, "batch": 1, "mAP": 0.6883333333333332, "_timestamp": 1678205896.5387018, "_runtime": 22.151734828948975, "_step": 49, "_wandb": {"runtime": 21}}