{"epoch": 41, "batch": 7, "mAP": 0.5274545684054986, "_timestamp": 1678211634.518817, "_runtime": 185.72526097297668, "_step": 286, "_wandb": {"runtime": 185}}