{"epoch": 34, "batch": 7, "mAP": 0.6294332403848466, "_timestamp": 1678212355.389877, "_runtime": 158.2209231853485, "_step": 237, "_wandb": {"runtime": 157}}