{"epoch": 80, "batch": 3, "mAP": 0.2696136788048553, "_timestamp": 1678304031.8898928, "_runtime": 194.43005084991455, "_step": 239, "_wandb": {"runtime": 193}}