{"epoch": 73, "batch": 7, "mAP": 0.5042160709241599, "_timestamp": 1678264357.1910553, "_runtime": 306.1033272743225, "_step": 510, "_wandb": {"runtime": 305}}