{"epoch": 25, "batch": 7, "mAP": 0.0, "_timestamp": 1678162499.619675, "_runtime": 85.79362988471985, "_step": 174, "_wandb": {"runtime": 83}}