{"epoch": 1, "batch": 16, "loss": 0.6812526262723483, "_timestamp": 1667726318.9802792, "_runtime": 2308.0258951187134, "_step": 15, "_wandb": {"runtime": 2713}}