{"epoch": 83, "batch": 7, "mAP": 0.0512561255216848, "_timestamp": 1678262802.1130483, "_runtime": 347.10056924819946, "_step": 580, "_wandb": {"runtime": 346}}