{"epoch": 50, "batch": 1, "mAP": 0.6416666666666666, "_timestamp": 1678206061.7026525, "_runtime": 19.240371465682983, "_step": 49, "_wandb": {"runtime": 18}}