{"epoch": 1, "batch": 198, "loss": 3.389266014099121, "_timestamp": 1667771728.2808933, "_runtime": 2372.028210401535, "_step": 197, "_wandb": {"runtime": 2777}}