{"epoch": 78, "batch": 3, "mAP": 0.20698252364919031, "_timestamp": 1678306251.7486796, "_runtime": 188.0857846736908, "_step": 233, "_wandb": {"runtime": 187}}