{"epoch": 66, "batch": 3, "mAP": 0.23168498168498164, "_timestamp": 1678304374.9844441, "_runtime": 153.43432116508484, "_step": 197, "_wandb": {"runtime": 152}}