{"epoch": 67, "batch": 3, "mAP": 0.29910714285714285, "_timestamp": 1678304718.9684527, "_runtime": 155.20577478408813, "_step": 200, "_wandb": {"runtime": 153}}