{"epoch": 85, "batch": 3, "mAP": 0.3901960784313726, "_timestamp": 1678302269.267008, "_runtime": 204.37528109550476, "_step": 254, "_wandb": {"runtime": 203}}