{"epoch": 45, "batch": 7, "mAP": 0.3622776322996998, "_timestamp": 1678220151.7201042, "_runtime": 196.30989122390747, "_step": 314, "_wandb": {"runtime": 195}}