{"epoch": 50, "batch": 1, "mAP": 0.3032517482517482, "_timestamp": 1678205391.732698, "_runtime": 18.547888040542603, "_step": 49, "_wandb": {"runtime": 18}}