{"epoch": 35, "batch": 7, "mAP": 0, "_timestamp": 1678213048.6703277, "_runtime": 155.22188258171082, "_step": 244, "_wandb": {"runtime": 154}}