{"epoch": 100, "batch": 7, "mAP": 0.7709967543925329, "_timestamp": 1678217386.7728467, "_runtime": 439.4548797607422, "_step": 699, "_wandb": {"runtime": 438}}