{"epoch": 50, "batch": 1, "mAP": 0.35833333333333334, "_timestamp": 1678204915.1651628, "_runtime": 21.25122380256653, "_step": 49, "_wandb": {"runtime": 21}}