{"epoch": 1, "batch": 5, "loss": 58.74215221405029, "_timestamp": 1667702971.913923, "_runtime": 264.0108160972595, "_step": 4, "_wandb": {"runtime": 683}}