{"epoch": 25, "batch": 7, "mAP": 0.0, "_timestamp": 1678142970.701978, "_runtime": 235.56430387496948, "_step": 174, "_wandb": {"runtime": 235}}