{"epoch": 2, "batch": 50, "loss": 2.821530342102051, "_timestamp": 1667723778.66129, "_runtime": 3728.797641992569, "_step": 148, "_wandb": {"runtime": 7712}}