{"epoch": 41, "batch": 7, "mAP": 0.5452237404711858, "_timestamp": 1678215690.156239, "_runtime": 176.0384750366211, "_step": 286, "_wandb": {"runtime": 174}}