{"epoch": 1, "batch": 29, "loss": 1.1018357276916504, "_timestamp": 1667763201.5191922, "_runtime": 2284.250714302063, "_step": 28, "_wandb": {"runtime": 2681}}