{"epoch": 79, "batch": 3, "mAP": 0.3217857142857143, "_timestamp": 1678301809.768495, "_runtime": 171.38905119895935, "_step": 236, "_wandb": {"runtime": 170}}