{"epoch": 25, "batch": 7, "mAP": 0.0, "_timestamp": 1678163744.96044, "_runtime": 102.90535688400269, "_step": 174, "_wandb": {"runtime": 100}}