{"epoch": 25, "batch": 7, "mAP": 0.0, "_timestamp": 1678164529.843181, "_runtime": 83.45223498344421, "_step": 174, "_wandb": {"runtime": 82}}