{"epoch": 1, "batch": 50, "loss": 46.0506591796875, "_timestamp": 1667718303.552878, "_runtime": 377.592750787735, "_step": 49}