{"epoch": 25, "batch": 7, "mAP": 0.0, "_timestamp": 1678157001.5858903, "_runtime": 115.38208818435669, "_step": 174, "_wandb": {"runtime": 114}}