{"epoch": 43, "batch": 7, "mAP": 0.18153605843049203, "_timestamp": 1678221515.37546, "_runtime": 188.602707862854, "_step": 300, "_wandb": {"runtime": 187}}