{"epoch": 1, "batch": 66, "loss": 2.165945529937744, "_timestamp": 1667726415.8921263, "_runtime": 2384.283609390259, "_step": 65, "_wandb": {"runtime": 2792}}