{"epoch": 2, "batch": 50, "loss": 2.584334373474121, "_timestamp": 1667723878.5806258, "_runtime": 3751.2536828517914, "_step": 148, "_wandb": {"runtime": 3756}}