{"epoch": 1, "batch": 50, "loss": 2.600938320159912, "_timestamp": 1667791643.146191, "_runtime": 2275.1758308410645, "_step": 49, "_wandb": {"runtime": 2666}}