{"epoch": 1, "batch": 50, "loss": 44.321868896484375, "_timestamp": 1667703782.9518085, "_runtime": 264.6134693622589, "_step": 49, "_wandb": {"runtime": 676}}