{"epoch": 1, "batch": 99, "loss": 3.3612239360809326, "_timestamp": 1667755008.9959502, "_runtime": 2285.1202602386475, "_step": 98, "_wandb": {"runtime": 2688}}