{"epoch": 78, "batch": 3, "mAP": 0.25825750895195343, "_timestamp": 1678305503.6861703, "_runtime": 187.85694026947021, "_step": 233, "_wandb": {"runtime": 187}}