{"epoch": 94, "batch": 7, "mAP": 0.6480389505603189, "_timestamp": 1678209596.053365, "_runtime": 428.10686802864075, "_step": 657, "_wandb": {"runtime": 428}}