{"epoch": 50, "batch": 1, "mAP": 0.4767316017316017, "_timestamp": 1678205231.2601755, "_runtime": 21.258012533187866, "_step": 49, "_wandb": {"runtime": 20}}