{"epoch": 50, "batch": 1, "mAP": 0.4325396825396825, "_timestamp": 1678206551.865545, "_runtime": 22.147270917892456, "_step": 49, "_wandb": {"runtime": 20}}