{"epoch": 1, "batch": 50, "loss": 80.76040649414062, "_timestamp": 1667719215.6562898, "_runtime": 304.31481289863586, "_step": 49, "_wandb": {"runtime": 715}}