{"epoch": 1, "batch": 198, "loss": 8.243974685668945, "_timestamp": 1667746486.4332108, "_runtime": 2286.241337776184, "_step": 197, "_wandb": {"runtime": 2689}}