{"epoch": 1, "batch": 16, "loss": 0.4904684057602516, "_timestamp": 1667774795.00381, "_runtime": 2315.826943874359, "_step": 15, "_wandb": {"runtime": 2719}}