{"epoch": 50, "batch": 1, "mAP": 0.0, "_timestamp": 1678144378.2524402, "_runtime": 108.39257717132568, "_step": 49, "_wandb": {"runtime": 108}}