{"epoch": 1, "batch": 33, "loss": 1.1500929991404216, "_timestamp": 1667766277.9555073, "_runtime": 2283.986342191696, "_step": 32, "_wandb": {"runtime": 2686}}