{"epoch": 1, "batch": 25, "loss": 0.8769571483135223, "_timestamp": 1667743676.5755548, "_runtime": 2343.9871468544006, "_step": 24, "_wandb": {"runtime": 2749}}