{"epoch": 82, "batch": 3, "mAP": 0.27716308745720514, "_timestamp": 1678305115.5885768, "_runtime": 195.23226380348206, "_step": 245, "_wandb": {"runtime": 194}}