{"epoch": 81, "batch": 3, "mAP": 0.2711095549330844, "_timestamp": 1678303322.4041853, "_runtime": 197.50560522079468, "_step": 242, "_wandb": {"runtime": 196}}