{"epoch": 1, "batch": 17, "loss": 0.5401923358440399, "_timestamp": 1667769101.7863321, "_runtime": 2297.1686251163483, "_step": 16, "_wandb": {"runtime": 2703}}