{"epoch": 50, "batch": 1, "mAP": 0.5566666666666666, "_timestamp": 1678205068.8939524, "_runtime": 17.732084274291992, "_step": 49, "_wandb": {"runtime": 17}}