{"epoch": 50, "batch": 1, "mAP": 0.6984126984126984, "_timestamp": 1678205814.2263153, "_runtime": 18.48974919319153, "_step": 49, "_wandb": {"runtime": 17}}