{"epoch": 50, "batch": 1, "mAP": 0.17708333333333331, "_timestamp": 1678203257.1958547, "_runtime": 18.285581588745117, "_step": 49, "_wandb": {"runtime": 18}}