{"epoch": 43, "batch": 7, "mAP": 0.6482193743040997, "_timestamp": 1678185846.5125952, "_runtime": 196.45214128494263, "_step": 300, "_wandb": {"runtime": 195}}