{"epoch": 65, "batch": 3, "mAP": 0.2808809523809524, "_timestamp": 1678302949.5568922, "_runtime": 151.4093861579895, "_step": 194, "_wandb": {"runtime": 150}}