{"epoch": 25, "batch": 7, "mAP": 0.0, "_timestamp": 1678159918.1029036, "_runtime": 145.81743049621582, "_step": 174, "_wandb": {"runtime": 144}}