{"epoch": 50, "batch": 1, "mAP": 0.45357142857142857, "_timestamp": 1678205563.8593292, "_runtime": 18.360820293426514, "_step": 49, "_wandb": {"runtime": 16}}