{"epoch": 1, "batch": 198, "loss": 5.377799034118652, "_timestamp": 1667752185.8437035, "_runtime": 2358.8076906204224, "_step": 197, "_wandb": {"runtime": 2761}}