{"epoch": 25, "batch": 7, "mAP": 0.0, "_timestamp": 1678158201.843874, "_runtime": 121.03992199897766, "_step": 174, "_wandb": {"runtime": 121}}