{"epoch": 1, "batch": 99, "loss": 4.100375175476074, "_timestamp": 1667768826.041454, "_runtime": 2283.6933810710907, "_step": 98, "_wandb": {"runtime": 2682}}