{"epoch": 1, "batch": 25, "loss": 42.9658203125, "_timestamp": 1667701330.487217, "_runtime": 268.6775109767914, "_step": 24, "_wandb": {"runtime": 683}}