{"epoch": 50, "batch": 1, "mAP": 0.2, "_timestamp": 1678206634.1284595, "_runtime": 18.015807390213013, "_step": 49, "_wandb": {"runtime": 17}}