{"epoch": 1, "batch": 99, "loss": 3.389087677001953, "_timestamp": 1667729301.828786, "_runtime": 2360.82514500618, "_step": 98, "_wandb": {"runtime": 2768}}