{"epoch": 1, "batch": 50, "loss": 2.1733169555664062, "_timestamp": 1667757821.2128694, "_runtime": 2286.476803302765, "_step": 49, "_wandb": {"runtime": 2688}}