{"epoch": 1, "batch": 66, "loss": 2.65114959081014, "_timestamp": 1667749095.8931534, "_runtime": 2407.2330973148346, "_step": 65, "_wandb": {"runtime": 2810}}