{"epoch": 100, "batch": 7, "mAP": 0.7512004078804299, "_timestamp": 1678261980.8610754, "_runtime": 441.7311112880707, "_step": 699, "_wandb": {"runtime": 441}}