{"epoch": 25, "batch": 7, "mAP": 0.0, "_timestamp": 1678156176.199366, "_runtime": 77.293771982193, "_step": 174, "_wandb": {"runtime": 75}}