{"epoch": 1, "batch": 29, "loss": 0.7601988656180245, "_timestamp": 1667783207.89669, "_runtime": 2291.0353298187256, "_step": 28, "_wandb": {"runtime": 2685}}