{"epoch": 34, "batch": 7, "mAP": 0.5712101451042687, "_timestamp": 1678220806.3517318, "_runtime": 151.50379586219788, "_step": 237, "_wandb": {"runtime": 150}}