{"93": {"6": 0.20253164556962025, "4": 0.25316455696202533, "5": 0.5189873417721519, "3": 0.012658227848101266, "7": 0.012658227848101266}, "77": {"8": 0.2119205298013245, "10": 0.2781456953642384, "11": 0.11920529801324503, "14": 0.006622516556291391, "9": 0.2251655629139073, "7": 0.09271523178807947, "12": 0.039735099337748346, "6": 0.013245033112582781, "13": 0.013245033112582781}, "43": {"2": 0.4281437125748503, "3": 0.5029940119760479, "4": 0.05538922155688623, "5": 0.010479041916167664, "1": 0.0029940119760479044}, "55": {"3": 0.38293650793650796, "4": 0.40674603174603174, "5": 0.10714285714285714, "7": 0.017857142857142856, "2": 0.05555555555555555, "6": 0.02976190476190476}, "73": {"8": 0.24, "5": 0.10666666666666667, "9": 0.14666666666666667, "6": 0.12, "10": 0.06666666666666667, "7": 0.18666666666666668, "16": 0.013333333333333334, "12": 0.06666666666666667, "13": 0.013333333333333334, "11": 0.013333333333333334, "14": 0.013333333333333334, "4": 0.013333333333333334}, "49": {"3": 0.5816326530612245, "4": 0.24489795918367346, "2": 0.14285714285714285, "5": 0.030612244897959183}, "72": {"7": 0.16666666666666666, "10": 0.06666666666666667, "5": 0.13333333333333333, "8": 0.2777777777777778, "6": 0.2, "11": 0.05555555555555555, "4": 0.03333333333333333, "9": 0.05555555555555555, "12": 0.011111111111111112}, "67": {"3": 0.5045500505561172, "2": 0.05965621840242669, "4": 0.3619817997977755, "5": 0.057633973710819006, "6": 0.01314459049544995, "7": 0.003033367037411527}, "65": {"5": 0.4461538461538462, "8": 0.12307692307692308, "7": 0.09230769230769231, "4": 0.07692307692307693, "6": 0.24615384615384617, "3": 0.015384615384615385}, "58": {"5": 0.18468468468468469, "4": 0.24774774774774774, "3": 0.35585585585585583, "2": 0.0945945945945946, "7": 0.009009009009009009, "6": 0.09009009009009009, "15": 0.0045045045045045045, "8": 0.009009009009009009, "9": 0.0045045045045045045}, "59": {"5": 0.04647160068846816, "4": 0.37521514629948366, "6": 0.008605851979345954, "2": 0.11359724612736662, "3": 0.4423407917383821, "7": 0.010327022375215147, "9": 0.0017211703958691911, "8": 0.0017211703958691911}, "60": {"3": 0.37906137184115524, "4": 0.2527075812274368, "5": 0.11913357400722022, "2": 0.18050541516245489, "6": 0.036101083032490974, "7": 0.021660649819494584, "10": 0.0036101083032490976, "9": 0.0036101083032490976, "8": 0.0036101083032490976}, "62": {"6": 0.0709812108559499, "5": 0.20668058455114824, "8": 0.008350730688935281, "4": 0.35073068893528186, "7": 0.016701461377870562, "3": 0.31524008350730687, "2": 0.029227557411273485, "13": 0.0020876826722338203}, "42": {"3": 0.5, "4": 0.20689655172413793, "5": 0.06896551724137931, "2": 0.1896551724137931, "7": 0.034482758620689655}, "47": {"4": 0.3508522727272727, "3": 0.5255681818181818, "2": 0.05113636363636364, "5": 0.052556818181818184, "6": 0.018465909090909092, "7": 0.0014204545454545455}, "63": {"3": 0.4358108108108108, "5": 0.08445945945945946, "4": 0.15202702702702703, "7": 0.010135135135135136, "2": 0.27702702702702703, "8": 0.0033783783783783786, "6": 0.037162162162162164}, "88": {"7": 0.20279720279720279, "6": 0.2692307692307692, "5": 0.24475524475524477, "8": 0.1258741258741259, "4": 0.0979020979020979, "3": 0.013986013986013986, "10": 0.017482517482517484, "9": 0.027972027972027972}, "66": {"3": 0.3079584775086505, "2": 0.6643598615916955, "1": 0.01730103806228374, "4": 0.006920415224913495, "6": 0.0034602076124567475}, "45": {"3": 0.3793103448275862, "2": 0.603448275862069, "4": 0.017241379310344827}, "79": {"9": 0.018164435946462717, "6": 0.40344168260038243, "7": 0.23422562141491396, "5": 0.18833652007648183, "8": 0.11376673040152964, "4": 0.033460803059273424, "10": 0.0028680688336520078, "3": 0.0038240917782026767, "14": 0.0009560229445506692, "11": 0.0009560229445506692}, "64": {"4": 0.3886986301369863, "3": 0.2876712328767123, "2": 0.010273972602739725, "5": 0.2482876712328767, "6": 0.059931506849315065, "7": 0.005136986301369863}, "53": {"7": 0.18253968253968253, "11": 0.031746031746031744, "4": 0.06349206349206349, "6": 0.31746031746031744, "8": 0.1111111111111111, "5": 0.1984126984126984, "9": 0.07936507936507936, "10": 0.007936507936507936, "13": 0.007936507936507936}, "51": {"3": 0.4906832298136646, "2": 0.453416149068323, "4": 0.049689440993788817, "6": 0.006211180124223602}, "68": {"2": 0.6706689536878216, "3": 0.27958833619210977, "4": 0.015437392795883362, "1": 0.022298456260720412, "5": 0.003430531732418525, "7": 0.003430531732418525, "6": 0.005145797598627788}, "54": {"5": 0.273972602739726, "4": 0.3698630136986301, "3": 0.1506849315068493, "6": 0.0958904109589041, "11": 0.0273972602739726, "7": 0.0410958904109589, "8": 0.0136986301369863, "10": 0.0273972602739726}, "61": {"3": 0.37448559670781895, "4": 0.3168724279835391, "2": 0.037037037037037035, "5": 0.1728395061728395, "7": 0.012345679012345678, "6": 0.0823045267489712, "8": 0.00411522633744856}, "52": {"2": 0.5368421052631579, "3": 0.41403508771929826, "4": 0.042105263157894736, "5": 0.0035087719298245615, "1": 0.0035087719298245615}, "13": {"3": 0.3793103448275862, "4": 0.3793103448275862, "2": 0.05172413793103448, "6": 0.017241379310344827, "5": 0.1724137931034483}, "48": {"3": 0.6521739130434783, "4": 0.2391304347826087, "5": 0.043478260869565216, "2": 0.06521739130434782}, "78": {"10": 0.09390862944162437, "7": 0.26649746192893403, "9": 0.19543147208121828, "8": 0.2766497461928934, "6": 0.10913705583756345, "11": 0.03553299492385787, "12": 0.015228426395939087, "13": 0.005076142131979695, "5": 0.0025380710659898475}, "83": {"7": 0.1935483870967742, "5": 0.2645161290322581, "6": 0.2838709677419355, "8": 0.06451612903225806, "4": 0.14193548387096774, "9": 0.0064516129032258064, "3": 0.03225806451612903, "10": 0.012903225806451613}, "81": {"8": 0.36082474226804123, "7": 0.13402061855670103, "15": 0.010309278350515464, "9": 0.32989690721649484, "12": 0.010309278350515464, "5": 0.010309278350515464, "11": 0.05154639175257732, "10": 0.07216494845360824, "6": 0.020618556701030927}, "87": {"10": 0.1574074074074074, "8": 0.25925925925925924, "6": 0.009259259259259259, "9": 0.3055555555555556, "11": 0.09259259259259259, "7": 0.1574074074074074, "12": 0.009259259259259259, "14": 0.009259259259259259}, "89": {"4": 0.2467866323907455, "5": 0.2570694087403599, "3": 0.16709511568123395, "6": 0.2879177377892031, "7": 0.04113110539845758}, "96": {"8": 0.14551083591331268, "9": 0.17956656346749225, "6": 0.043343653250773995, "10": 0.16718266253869968, "11": 0.13622291021671826, "7": 0.10835913312693499, "14": 0.030959752321981424, "15": 0.015479876160990712, "12": 0.12693498452012383, "13": 0.02476780185758514, "16": 0.009287925696594427, "5": 0.006191950464396285, "17": 0.006191950464396285}, "46": {"3": 0.6677631578947368, "2": 0.1118421052631579, "4": 0.18421052631578946, "6": 0.006578947368421052, "7": 0.003289473684210526, "5": 0.02631578947368421}, "98": {"8": 0.22110552763819097, "6": 0.1407035175879397, "7": 0.12060301507537688, "9": 0.1407035175879397, "11": 0.09045226130653267, "10": 0.18090452261306533, "12": 0.05527638190954774, "15": 0.005025125628140704, "13": 0.020100502512562814, "14": 0.020100502512562814, "5": 0.005025125628140704}, "94": {"3": 0.14301801801801803, "4": 0.2511261261261261, "5": 0.33896396396396394, "2": 0.012387387387387387, "6": 0.2195945945945946, "9": 0.0022522522522522522, "8": 0.0011261261261261261, "7": 0.030405405405405407, "12": 0.0011261261261261261}, "91": {"5": 0.48363636363636364, "4": 0.09090909090909091, "6": 0.4036363636363636, "7": 0.02181818181818182}, "33": {"5": 0.5189873417721519, "4": 0.08860759493670886, "7": 0.0759493670886076, "6": 0.20253164556962025, "3": 0.0379746835443038, "9": 0.012658227848101266, "8": 0.06329113924050633}, "95": {"4": 0.18168498168498168, "2": 0.2512820512820513, "3": 0.3252747252747253, "5": 0.17216117216117216, "6": 0.026373626373626374, "13": 0.0007326007326007326, "9": 0.004395604395604396, "7": 0.02564102564102564, "10": 0.0007326007326007326,