{"(4,)": 0.005707297187117815, "(4, 3, 4)": 0.017529555646147575, "(3, 3, 4)": 0.0077456176110884635, "(3, 3, 3)": 0.031797798613942115, "(3, 4, 3)": 0.019160211985324093, "(4, 3)": 0.0008153281695882593, "(3,)": 0.008968609865470852, "(4, 3, 3)": 0.015083571137382797, "(2,)": 0.0077456176110884635, "(4, 2, 4)": 0.0036689767631471666, "(2, 4, 3)": 0.005707297187117815, "(4, 4, 2)": 0.0012229922543823889, "(3, 3, 2)": 0.004484304932735426, "(4, 4, 3)": 0.011822258459029759, "(3, 4, 4)": 0.004891969017529555, "(3, 2, 3)": 0.006114961271911945, "(2, 3, 2)": 0.0028536485935589076, "(4, 4, 4)": 0.02242152466367713, "(4, 2, 3)": 0.0040766408479412965, "(1, 4, 3)": 0.006930289441500204, "(4, 3, 2)": 0.003261312678353037, "(2, 3)": 0.0012229922543823889, "(2, 4, 2)": 0.0020383204239706482, "(1, 3, 3)": 0.0024459845087647777, "(2, 3, 4)": 0.0016306563391765185, "(3, 4, 1)": 0.0020383204239706482, "(2, 3, 3)": 0.0040766408479412965, "(3, 1, 3)": 0.0036689767631471666, "(2, 2, 1)": 0.005707297187117815, "(3, 3)": 0.0036689767631471666, "(1, 2, 4)": 0.0024459845087647777, "(4, 2, 2)": 0.0016306563391765185, "(4, 1, 2)": 0.0008153281695882593, "(2, 4, 4)": 0.0024459845087647777, "(3, 1, 4)": 0.004891969017529555, "(3, 2)": 0.0008153281695882593, "(1, 4, 2)": 0.0020383204239706482, "(2, 2, 3)": 0.0008153281695882593, "(1, 3, 2)": 0.0008153281695882593, "(2, 1, 3)": 0.0016306563391765185, "(2, 1, 4)": 0.004484304932735426, "(2, 2, 2)": 0.008153281695882593, "(1, 4, 4)": 0.0110069302894415, "(4, 1, 3)": 0.0040766408479412965, "(3, 2, 1)": 0.0024459845087647777, "(1, 4, 1)": 0.005299633102323685, "(2, 2)": 0.006114961271911945, "(3, 2, 2)": 0.004484304932735426, "(3, 4, 2)": 0.0016306563391765185, "(1, 3, 4)": 0.0016306563391765185, "(1, 2)": 0.0012229922543823889, "(4, 4, 1)": 0.0012229922543823889, "(1,)": 0.006114961271911945, "(2, 1, 2)": 0.01222992254382389, "(1, 2, 1)": 0.013860578883000407, "(4, 1, 4)": 0.004891969017529555, "(4, 4)": 0.0012229922543823889, "(3, 3, 1)": 0.0024459845087647777, "(3, 1, 2)": 0.0016306563391765185, "(1, 3, 1)": 0.003261312678353037, "(3, 2, 4)": 0.005707297187117815, "(4, 3, 1)": 0.0028536485935589076, "(4, 1)": 0.00040766408479412964, "(1, 2, 3)": 0.0008153281695882593, "(4, 2)": 0.0012229922543823889, "(1, 2, 2)": 0.0077456176110884635, "(2, 4, 1)": 0.0016306563391765185, "(2, 1)": 0.0012229922543823889, "(3, 4)": 0.00040766408479412964, "(2, 2, 4)": 0.0012229922543823889, "(2, 3, 1)": 0.00040766408479412964, "(2, 4)": 0.0008153281695882593}