{"epoch": 66, "batch": 3, "mAP": 0.2032979142070052, "_timestamp": 1678302595.312118, "_runtime": 154.31000304222107, "_step": 197, "_wandb": {"runtime": 153}}