{"epoch": 1, "batch": 5, "loss": 69.77113342285156, "_timestamp": 1667718376.2433803, "_runtime": 303.05361127853394, "_step": 4, "_wandb": {"runtime": 717}}