{"epoch": 1, "batch": 198, "loss": 8.27071475982666, "_timestamp": 1667740812.7023578, "_runtime": 2288.182616710663, "_step": 197, "_wandb": {"runtime": 2690}}