{"epoch": 25, "batch": 7, "mAP": 0.0, "_timestamp": 1678162891.2512975, "_runtime": 83.5072853565216, "_step": 174, "_wandb": {"runtime": 82}}