{"epoch": 50, "batch": 1, "mAP": 0.13125, "_timestamp": 1678206219.601227, "_runtime": 16.77959704399109, "_step": 49, "_wandb": {"runtime": 15}}