{"epoch": 1, "batch": 14, "loss": 0.49051675796508787, "_timestamp": 1667794416.6380203, "_runtime": 2253.101492166519, "_step": 13, "_wandb": {"runtime": 2644}}