{"epoch": 1, "batch": 4, "loss": 85.80408573150635, "_timestamp": 1667717633.5140836, "_runtime": 251.73078966140747, "_step": 3, "_wandb": {"runtime": 269}}