{"epoch": 89, "batch": 3, "mAP": 0.23008432539682536, "_timestamp": 1678301463.63428, "_runtime": 180.09861588478088, "_step": 266, "_wandb": {"runtime": 179}}