{"epoch": 39, "batch": 7, "mAP": 0.6445629016467508, "_timestamp": 1678214527.864974, "_runtime": 166.64514708518982, "_step": 272, "_wandb": {"runtime": 165}}