{"epoch": 37, "batch": 7, "mAP": 0.0, "_timestamp": 1678160402.561016, "_runtime": 166.52864503860474, "_step": 258, "_wandb": {"runtime": 166}}