{"epoch": 1, "batch": 198, "loss": 4.6931610107421875, "_timestamp": 1667777575.514988, "_runtime": 2406.4491078853607, "_step": 197, "_wandb": {"runtime": 2807}}