{"epoch": 25, "batch": 7, "mAP": 0.0, "_timestamp": 1678164144.9118443, "_runtime": 89.15780735015869, "_step": 174, "_wandb": {"runtime": 88}}