{"epoch": 1, "batch": 50, "loss": 74.43109130859375, "_timestamp": 1667705474.7800992, "_runtime": 282.7513520717621, "_step": 49, "_wandb": {"runtime": 695}}