{"epoch": 76, "batch": 3, "mAP": 0.25771825396825404, "_timestamp": 1678301127.755843, "_runtime": 160.28670597076416, "_step": 227, "_wandb": {"runtime": 158}}