{"epoch": 30, "batch": 7, "mAP": 0, "_timestamp": 1678143938.7895555, "_runtime": 199.3227035999298, "_step": 209, "_wandb": {"runtime": 198}}