{"epoch": 50, "batch": 1, "mAP": 0.4035714285714286, "_timestamp": 1678204990.837574, "_runtime": 15.647387027740479, "_step": 49, "_wandb": {"runtime": 15}}