{"epoch": 1, "batch": 99, "loss": 2.717273712158203, "_timestamp": 1667785978.7759237, "_runtime": 2249.5831186771393, "_step": 98, "_wandb": {"runtime": 2641}}