{"epoch": 1, "batch": 66, "loss": 3.386410713195801, "_timestamp": 1667763463.6771762, "_runtime": 2283.936167240143, "_step": 65, "_wandb": {"runtime": 2687}}