{"epoch": 25, "batch": 7, "mAP": 0, "_timestamp": 1678158626.0970917, "_runtime": 103.03866362571716, "_step": 174, "_wandb": {"runtime": 101}}