{"epoch": 1, "batch": 99, "loss": 3.2103755474090576, "_timestamp": 1667788825.7713423, "_runtime": 2318.624922275543, "_step": 98, "_wandb": {"runtime": 2724}}