{"epoch": 50, "batch": 1, "mAP": 0.53125, "_timestamp": 1678206297.8927736, "_runtime": 17.866297721862793, "_step": 49, "_wandb": {"runtime": 16}}