{"epoch": 1, "batch": 198, "loss": 8.361574172973633, "_timestamp": 1667732263.1286986, "_runtime": 2437.7884895801544, "_step": 197, "_wandb": {"runtime": 2845}}