{"epoch": 1, "batch": 25, "loss": 1.3806689977645874, "_timestamp": 1667771946.673833, "_runtime": 2303.3126339912415, "_step": 24, "_wandb": {"runtime": 2707}}