{"epoch": 50, "batch": 1, "mAP": 0.4275252525252525, "_timestamp": 1678205473.2960699, "_runtime": 18.993757963180542, "_step": 49, "_wandb": {"runtime": 18}}