{"epoch": 9, "batch": 6, "mAP": 0, "_timestamp": 1678159422.0380926, "_runtime": 50.631025552749634, "_step": 61}