{"epoch": 50, "batch": 1, "mAP": 0.4463150018705575, "_timestamp": 1678205146.892535, "_runtime": 18.002081871032715, "_step": 49, "_wandb": {"runtime": 17}}