{"epoch": 40, "batch": 7, "mAP": 0.19386608179188122, "_timestamp": 1678215107.7136073, "_runtime": 171.4554944038391, "_step": 279, "_wandb": {"runtime": 169}}