{"epoch": 1, "batch": 99, "loss": 4.556676387786865, "_timestamp": 1667737656.4226272, "_runtime": 2296.6812732219696, "_step": 98, "_wandb": {"runtime": 2699}}