{"epoch": 1, "batch": 198, "loss": 8.088016510009766, "_timestamp": 1667777737.914505, "_runtime": 2413.1525440216064, "_step": 197, "_wandb": {"runtime": 2820}}