{"epoch": 1, "batch": 15, "loss": 0.49986141068594797, "_timestamp": 1667774637.197087, "_runtime": 2370.5482161045074, "_step": 14, "_wandb": {"runtime": 2778}}