{"epoch": 1, "batch": 99, "loss": 2.8528976440429688, "_timestamp": 1667760649.6595647, "_runtime": 2300.699559688568, "_step": 98, "_wandb": {"runtime": 2704}}