{"epoch": 53, "batch": 7, "mAP": 0.018254255876014147, "_timestamp": 1678219028.7360878, "_runtime": 232.2132248878479, "_step": 370, "_wandb": {"runtime": 231}}