{"epoch": 81, "batch": 7, "mAP": 0.6154618035732284, "_timestamp": 1678216479.2520752, "_runtime": 347.63726329803467, "_step": 566, "_wandb": {"runtime": 346}}