{"epoch": 1, "batch": 25, "loss": 0.7472613453865051, "_timestamp": 1667754746.056243, "_runtime": 2317.394602060318, "_step": 24, "_wandb": {"runtime": 2719}}