{"epoch": 25, "batch": 7, "mAP": 0.0, "_timestamp": 1678160809.79616, "_runtime": 90.24180507659912, "_step": 174, "_wandb": {"runtime": 89}}