{"epoch": 25, "batch": 7, "mAP": 0.0, "_timestamp": 1678161279.3815703, "_runtime": 164.24735522270203, "_step": 174, "_wandb": {"runtime": 163}}